{"cameraMode":{"drawMode":0,"name":"Shaded","section":"Shading Mode"},"sceneLighting":true,"audioPlay":false,"sceneViewState":{"showFog":false,"showMaterialUpdate":false,"showSkybox":false,"showFlares":false,"showImageEffects":false,"showParticleSystems":false},"in2DMode":false,"pivot":{"x":0.3088446855545044,"y":0.030229032039642335,"z":-0.6520512104034424},"rotation":{"x":0.13867352902889253,"y":-0.4934690594673157,"z":0.08004580438137055,"w":0.8548980355262756},"size":2.2217907905578615,"orthographic":false}